

-- 1) Поставщики (10 строк)
INSERT INTO supplier (id, company_name, phone, city, contract_at) VALUES
	(1, 'МеталлПлюс ООО', '+7-495-101-0101', 'Москва', '2025-10-01T09:00:00+03'),
	(2, 'СтройСнаб АО', '+7-812-202-0202', 'Санкт-Петербург', '2025-09-15T11:30:00+03'),
	(3, 'ВостокМеталл', '+7-347-303-0303', 'Уфа', '2025-08-20T08:15:00+05'),
	(4, 'ЮгИнструмент', '+7-861-404-0404', 'Краснодар', '2025-07-10T14:00:00+03'),
	(5, 'СеверЛист', '+7-383-505-0505', 'Новосибирск', '2025-06-05T10:45:00+07'),
	(6, 'КузнецМат', '+7-384-606-0606', 'Кемерово', '2025-05-12T12:00:00+07'),
	(7, 'УралСнаб', '+7-343-707-0707', 'Екатеринбург', '2025-04-18T09:30:00+05'),
	(8, 'ПрибалМет', '+7-812-808-0808', 'Калининград', '2025-03-22T16:10:00+03'),
	(9, 'ДальВан', '+7-423-909-0909', 'Владивосток', '2025-02-28T13:20:00+10'),
	(10, 'ЦентрЗапчасть', '+7-495-111-1212', 'Москва', '2025-01-30T15:00:00+03');

-- 2) Заготовки / workpiece (10 строк)
INSERT INTO workpiece (id, material, name, weight) VALUES
	(1, 'Сталь 45', 'Шайба 50мм', 0.035),
	(2, 'Алюминий 6061', 'Вкладыш A1', 0.120),
	(3, 'Медь', 'Прокладка C3', 0.045),
	(4, 'Нержавейка 304', 'Кольцо R4', 0.080),
	(5, 'Бронза', 'Втулка B5', 0.250),
	(6, 'Чугун', 'Пластина P6', 1.200),
	(7, 'Титан', 'Диск T7', 0.065),
	(8, 'Латунь', 'Шпонка L8', 0.015),
	(9, 'Сталь 40X', 'Гайка G9', 0.010),
	(10, 'Алюминий 7075', 'Панель X10', 0.950);

-- 3) Накладные доставки (10 строк) — связываются с поставщиками
INSERT INTO delivery (id, supplier_id, delivered_at) VALUES
	(1, 1, '2026-02-18T09:00:00+03'),
	(2, 2, '2026-02-19T10:15:00+03'),
	(3, 3, '2026-02-20T11:30:00+05'),
	(4, 4, '2026-02-21T12:45:00+03'),
	(5, 5, '2026-02-22T14:00:00+07'),
	(6, 6, '2026-02-23T15:15:00+07'),
	(7, 7, '2026-02-24T16:30:00+05'),
	(8, 8, '2026-02-25T17:45:00+03'),
	(9, 9, '2026-02-26T18:00:00+10'),
	(10, 10, '2026-02-27T19:15:00+03');

-- 4) Элементы доставки (10 строк) — уникальные цены (price UNIQUE)
-- id, delivery_id, workpiece_id, price, quantity
INSERT INTO delivery_item (id, delivery_id, workpiece_id, price, quantity) VALUES
	(1, 1, 1, 100.00, 50),
	(2, 2, 2, 110.50, 20),
	(3, 3, 3, 125.75, 100),
	(4, 4, 4, 90.00, 10),
	(5, 5, 5, 200.00, 5),
	(6, 6, 6, 75.30, 8),
	(7, 7, 7, 310.00, 12),
	(8, 8, 8, 15.25, 500),
	(9, 9, 9, 5.50, 1000),
	(10, 10, 10, 450.00, 3);



